case,tier,domain,L,N,seed,BP_1,BP_2,BP_4,IBP_1,IBP_2,IBP_4,algorithm_single,algorithm_four,BP_parallel2,BP_parallel4,IBP_parallel2,IBP_parallel4,combined,IBP_efficiency4,BP_evals,IBP_evals,BP_sweeps,IBP_sweeps,IBP_corrections,call_reduction,core_time_BP1,core_time_IBP1,core_time_IBP4,corr_share1,corr_share4
gauss128_s201,main,0,128,16384,201,0.926382665999995,0.5637056019999704,0.4349475910000251,0.1620131139999898,0.1071935789999543,0.0766256459999681,5.717948647046269,5.676266546584234,1.6433802728113451,2.129871932087426,1.5114068912659304,2.114345815760656,12.089720796616582,0.528586453940164,13009,1980,13008,1760,219,6.570202020202021,0.926304024,0.161935681,0.304529607,0.1711626195916651,0.14488626954568
gauss128_s202,main,0,128,16384,202,0.8642200740000021,0.5353584300000307,0.3657305469999983,0.1495114510000235,0.0978895629999669,0.0570750180000345,5.780293537515506,6.407891925671874,1.6142831149589865,2.3629966954879658,1.5273482322121912,2.6195602951878696,15.141827445406657,0.6548900737969674,12313,1800,12312,1600,199,6.840555555555556,0.86417865,0.149512641,0.225045028,0.170866618101682,0.1973199202451366
gauss128_s203,main,0,128,16384,203,0.954267926,0.5887472150000121,0.3912921259999962,0.1485232370000062,0.0989260279999939,0.0587233399999718,6.425041261388343,6.6633152337756,1.6208449087949917,2.438760870950951,1.5013565186304187,2.529202817824693,16.25023246294332,0.6323007044561734,13345,1800,13344,1600,199,7.413888888888889,0.954207128,0.148508814,0.234357194,0.1737654088443242,0.161961972874642
ising128_s201,main,1,128,16384,201,15.898249925999949,8.325516203999996,4.491776160999962,1.6076196649999588,0.8484971269999733,0.4639322770000262,9.889310433385596,9.681965199846848,1.9095812843847004,3.5394127748477726,1.894667187246716,3.465203316732946,34.26847131396949,0.8663008291832365,12185,1215,12184,1080,134,10.02880658436214,15.896979051,1.607472733,1.850415229,0.0102715495213657,0.0163069813760263
ising128_s202,main,1,128,16384,202,15.953326879999963,8.332211800999971,4.465886533999992,1.5882806230000597,0.8178803530000778,0.4535418659999095,10.044400623528457,9.846690832287758,1.9146569075554896,3.572264265682302,1.941947397530784,3.501949306263992,35.174981795403085,0.875487326565998,12193,1197,12192,1064,132,10.186299081035925,15.951157998,1.588236443,1.819112204,0.0103017935016143,0.0198186202288003
ising128_s203,main,1,128,16384,203,16.06595645099992,8.332277646999955,4.4126574379999965,1.8908412470000255,0.9787926169999536,0.5220147129999759,8.496724130854387,8.45312848107444,1.928159037857372,3.640880053966232,1.931809878986976,3.622199144797118,30.7768268803578,0.9055497861992796,12193,1422,12192,1264,157,8.574542897327708,16.065123237,1.890791883,2.081498907,0.0102405947779978,0.0171693340758334
tn32_s201,main,2,32,1024,201,1.0337638290000086,0.6235759680000683,0.3731518210000786,0.2133210879999296,0.1114825710000104,0.0719448090000014,4.846046111485937,5.186639956192964,1.6577993412983731,2.770357186598832,1.9134927198612024,2.96506573531838,14.368845276939826,0.7412664338295949,6169,1107,6168,984,122,5.572719060523939,1.033715906,0.213322439,0.28791072,0.1394776778921282,0.1227659246367349
tn32_s202,main,2,32,1024,202,1.0336238400000184,0.6004692290000548,0.3338259629999811,0.2113361670000131,0.1230075080000006,0.0732797419999542,4.8908989628829325,4.555501341696721,1.721360213114141,3.096295538882567,1.7180753470756605,2.8839643976932274,14.105178481669109,0.7209910994233069,6177,1107,6176,984,122,5.579945799457994,1.032536334,0.211328144,0.292051683,0.136508433031024,0.1285480099145158
tn32_s203,main,2,32,1024,203,1.0304914519999784,0.6171729919999507,0.3461886899999626,0.2118620700000519,0.1239050919999726,0.0715834830000403,4.863973301118627,4.836153194721853,1.6696962850896442,2.9766756736047317,1.7098737959865176,2.9596502031052685,14.395659568554349,0.7399125507763171,6161,1107,6160,984,122,5.565492321589883,1.029572762,0.211647433,0.280607833,0.1349221311782645,0.1261321274311942
